<?xml version="1.0" encoding="utf-8"?>
<MySettings xmlns:xsi="http://www.w3.org/2001/XMLSchema-instance" xmlns:xsd="http://www.w3.org/2001/XMLSchema">
  <settingsSet>true</settingsSet>
  <cure1enabled>false</cure1enabled>
  <cure1amount>100</cure1amount>
  <cure2enabled>false</cure2enabled>
  <cure2amount>200</cure2amount>
  <cure3enabled>false</cure3enabled>
  <cure3amount>400</cure3amount>
  <cure4enabled>false</cure4enabled>
  <cure4amount>800</cure4amount>
  <cure5enabled>false</cure5enabled>
  <cure5amount>1200</cure5amount>
  <cure6enabled>false</cure6enabled>
  <cure6amount>1600</cure6amount>
  <curagaEnabled>false</curagaEnabled>
  <curagaAmount>100</curagaAmount>
  <curaga2enabled>false</curaga2enabled>
  <curaga2Amount>300</curaga2Amount>
  <curaga3enabled>false</curaga3enabled>
  <curaga3Amount>600</curaga3Amount>
  <curaga4enabled>false</curaga4enabled>
  <curaga4Amount>1000</curaga4Amount>
  <curaga5enabled>false</curaga5enabled>
  <curaga5Amount>1200</curaga5Amount>
  <curePercentage>75</curePercentage>
  <priorityCurePercentage>95</priorityCurePercentage>
  <monitoredCurePercentage>85</monitoredCurePercentage>
  <curagaCurePercentage>75</curagaCurePercentage>
  <curagaTargetType>0</curagaTargetType>
  <curagaTargetName />
  <curagaRequiredMembers>3</curagaRequiredMembers>
  <autoHasteMinutes>2</autoHasteMinutes>
  <autoPhalanxIIMinutes>2</autoPhalanxIIMinutes>
  <autoRefresh_Minutes>2</autoRefresh_Minutes>
  <autoRefresh_Spell>1</autoRefresh_Spell>
  <autoRegen_Minutes>1</autoRegen_Minutes>
  <autoRegen_Spell>3</autoRegen_Spell>
  <autoProtect_Minutes>29</autoProtect_Minutes>
  <autoProtect_Spell>4</autoProtect_Spell>
  <autoShellMinutes>29</autoShellMinutes>
  <autoShell_Spell>4</autoShell_Spell>
  <plShellra>false</plShellra>
  <plShellra_Level>5</plShellra_Level>
  <plProtectra>false</plProtectra>
  <plProtectra_Level>5</plProtectra_Level>
  <plGainBoost>false</plGainBoost>
  <plGainBoost_Spell>0</plGainBoost_Spell>
  <plBarElement>false</plBarElement>
  <plBarElement_Spell>0</plBarElement_Spell>
  <plBarStatus>false</plBarStatus>
  <plBarStatus_Spell>0</plBarStatus_Spell>
  <plAuspice>false</plAuspice>
  <plReraise>false</plReraise>
  <plReraise_Level>2</plReraise_Level>
  <plRefresh>true</plRefresh>
  <plRefresh_Level>1</plRefresh_Level>
  <plBlink>false</plBlink>
  <plPhalanx>false</plPhalanx>
  <plStoneskin>true</plStoneskin>
  <plTemper>false</plTemper>
  <plTemper_Level>0</plTemper_Level>
  <plEnspell>false</plEnspell>
  <plEnspell_Spell>0</plEnspell_Spell>
  <plStormSpell>false</plStormSpell>
  <plStormSpell_Spell>0</plStormSpell_Spell>
  <plKlimaform>false</plKlimaform>
  <plAquaveil>false</plAquaveil>
  <accessionCure>false</accessionCure>
  <accessionProShell>false</accessionProShell>
  <accessionPerpRegen>false</accessionPerpRegen>
  <EnableGeoSpells>true</EnableGeoSpells>
  <IndiWhenEngaged>false</IndiWhenEngaged>
  <EnableLuopanSpells>true</EnableLuopanSpells>
  <GeoWhenEngaged>false</GeoWhenEngaged>
  <specifiedEngageTarget>false</specifiedEngageTarget>
  <IndiSpell_Spell>25</IndiSpell_Spell>
  <GeoSpell_Spell>10</GeoSpell_Spell>
  <EntrustedSpell_Spell>7</EntrustedSpell_Spell>
  <LuopanSpell_Target>Brennski</LuopanSpell_Target>
  <EntrustedSpell_Target>Brennski</EntrustedSpell_Target>
  <enableSinging>false</enableSinging>
  <recastSongs_Monitored>false</recastSongs_Monitored>
  <SongsOnlyWhenNear>false</SongsOnlyWhenNear>
  <song1>0</song1>
  <song2>0</song2>
  <song3>0</song3>
  <song4>0</song4>
  <dummy1>0</dummy1>
  <dummy2>0</dummy2>
  <recastSongTime>2</recastSongTime>
  <LightArts>false</LightArts>
  <Sublimation>false</Sublimation>
  <AddendumWhite>false</AddendumWhite>
  <AfflatusSolace>false</AfflatusSolace>
  <AfflatusMisery>false</AfflatusMisery>
  <DivineSeal>false</DivineSeal>
  <Devotion>false</Devotion>
  <Composure>false</Composure>
  <Convert>true</Convert>
  <Entrust>true</Entrust>
  <FullCircle>true</FullCircle>
  <Dematerialize>true</Dematerialize>
  <BlazeOfGlory>true</BlazeOfGlory>
  <RadialArcana>true</RadialArcana>
  <EclipticAttrition>true</EclipticAttrition>
  <Pianissimo>false</Pianissimo>
  <Nightingale>false</Nightingale>
  <Troubadour>false</Troubadour>
  <Marcato>false</Marcato>
  <plDebuffEnabled>false</plDebuffEnabled>
  <monitoredDebuffEnabled>false</monitoredDebuffEnabled>
  <enablePartyDebuffRemoval>false</enablePartyDebuffRemoval>
  <plSilenceItemEnabled>false</plSilenceItemEnabled>
  <plSilenceItem>0</plSilenceItem>
  <plDoomEnabled>false</plDoomEnabled>
  <plDoomitem>0</plDoomitem>
  <wakeSleepEnabled>false</wakeSleepEnabled>
  <wakeSleepSpell>2</wakeSleepSpell>
  <naBlindness>false</naBlindness>
  <naCurse>false</naCurse>
  <naDisease>false</naDisease>
  <naParalysis>false</naParalysis>
  <naPetrification>false</naPetrification>
  <naPlague>false</naPlague>
  <naPoison>false</naPoison>
  <naSilence>false</naSilence>
  <naErase>false</naErase>
  <plAgiDown>false</plAgiDown>
  <plAccuracyDown>false</plAccuracyDown>
  <plAddle>false</plAddle>
  <plAttackDown>false</plAttackDown>
  <plBane>false</plBane>
  <plBind>false</plBind>
  <plBio>false</plBio>
  <plBlindness>false</plBlindness>
  <plBurn>false</plBurn>
  <plChrDown>false</plChrDown>
  <plChoke>false</plChoke>
  <plCurse>false</plCurse>
  <plCurse2>false</plCurse2>
  <plDexDown>false</plDexDown>
  <plDefenseDown>false</plDefenseDown>
  <plDia>false</plDia>
  <plDisease>false</plDisease>
  <plDoom>false</plDoom>
  <plDrown>false</plDrown>
  <plElegy>false</plElegy>
  <plEvasionDown>false</plEvasionDown>
  <plFlash>false</plFlash>
  <plFrost>false</plFrost>
  <plHelix>false</plHelix>
  <plIntDown>false</plIntDown>
  <plMndDown>false</plMndDown>
  <plMagicAccDown>false</plMagicAccDown>
  <plMagicAtkDown>false</plMagicAtkDown>
  <plMaxHpDown>false</plMaxHpDown>
  <plMaxMpDown>false</plMaxMpDown>
  <plMaxTpDown>false</plMaxTpDown>
  <plParalysis>false</plParalysis>
  <plPlague>false</plPlague>
  <plPoison>false</plPoison>
  <plRasp>false</plRasp>
  <plRequiem>false</plRequiem>
  <plStrDown>false</plStrDown>
  <plShock>false</plShock>
  <plSilence>false</plSilence>
  <plSlow>false</plSlow>
  <plThrenody>false</plThrenody>
  <plVitDown>false</plVitDown>
  <plWeight>false</plWeight>
  <monitoredAgiDown>false</monitoredAgiDown>
  <monitoredAccuracyDown>false</monitoredAccuracyDown>
  <monitoredAddle>false</monitoredAddle>
  <monitoredAttackDown>false</monitoredAttackDown>
  <monitoredBane>false</monitoredBane>
  <monitoredBind>false</monitoredBind>
  <monitoredBio>false</monitoredBio>
  <monitoredBlindness>false</monitoredBlindness>
  <monitoredBurn>false</monitoredBurn>
  <monitoredChrDown>false</monitoredChrDown>
  <monitoredChoke>false</monitoredChoke>
  <monitoredCurse>false</monitoredCurse>
  <monitoredCurse2>false</monitoredCurse2>
  <monitoredDexDown>false</monitoredDexDown>
  <monitoredDefenseDown>false</monitoredDefenseDown>
  <monitoredDia>false</monitoredDia>
  <monitoredDisease>false</monitoredDisease>
  <monitoredDoom>false</monitoredDoom>
  <monitoredDrown>false</monitoredDrown>
  <monitoredElegy>false</monitoredElegy>
  <monitoredEvasionDown>false</monitoredEvasionDown>
  <monitoredFlash>false</monitoredFlash>
  <monitoredFrost>false</monitoredFrost>
  <monitoredHelix>false</monitoredHelix>
  <monitoredIntDown>false</monitoredIntDown>
  <monitoredMndDown>false</monitoredMndDown>
  <monitoredMagicAccDown>false</monitoredMagicAccDown>
  <monitoredMagicAtkDown>false</monitoredMagicAtkDown>
  <monitoredMaxHpDown>false</monitoredMaxHpDown>
  <monitoredMaxMpDown>false</monitoredMaxMpDown>
  <monitoredMaxTpDown>false</monitoredMaxTpDown>
  <monitoredParalysis>false</monitoredParalysis>
  <monitoredPetrification>false</monitoredPetrification>
  <monitoredPlague>false</monitoredPlague>
  <monitoredPoison>false</monitoredPoison>
  <monitoredRasp>false</monitoredRasp>
  <monitoredRequiem>false</monitoredRequiem>
  <monitoredStrDown>false</monitoredStrDown>
  <monitoredShock>false</monitoredShock>
  <monitoredSilence>false</monitoredSilence>
  <monitoredSleep>false</monitoredSleep>
  <monitoredSleep2>false</monitoredSleep2>
  <monitoredSlow>false</monitoredSlow>
  <monitoredThrenody>false</monitoredThrenody>
  <monitoredVitDown>false</monitoredVitDown>
  <monitoredWeight>false</monitoredWeight>
  <mpMinCastValue>100</mpMinCastValue>
  <lowMPcheckBox>false</lowMPcheckBox>
  <healLowMP>false</healLowMP>
  <healWhenMPBelow>5</healWhenMPBelow>
  <standAtMP>false</standAtMP>
  <standAtMP_Percentage>99</standAtMP_Percentage>
  <convertMP>300</convertMP>
  <sublimationMP>100</sublimationMP>
  <RadialArcanaMP>300</RadialArcanaMP>
  <RadialArcana_Spell>0</RadialArcana_Spell>
  <DevotionMP>200</DevotionMP>
  <DevotionTargetType>1</DevotionTargetType>
  <DevotionTargetName />
  <DevotionWhenEngaged>false</DevotionWhenEngaged>
  <autoTarget>true</autoTarget>
  <Hate_SpellType>1</Hate_SpellType>
  <autoTargetSpell>Cure</autoTargetSpell>
  <autoTarget_Target>Brennski</autoTarget_Target>
  <Overcure>true</Overcure>
  <Undercure>true</Undercure>
  <pauseOnZoneBox>true</pauseOnZoneBox>
  <pauseOnStartBox>true</pauseOnStartBox>
  <autoFollowName />
  <autoFollowDistance>5</autoFollowDistance>
  <autoFollow_Warning>false</autoFollow_Warning>
  <enableFastCast_Mode>false</enableFastCast_Mode>
  <ipAddress>127.0.0.1</ipAddress>
  <listeningPort>19769</listeningPort>
</MySettings>