<?xml version="1.0" encoding="utf-8"?>
<MySettings xmlns:xsi="http://www.w3.org/2001/XMLSchema-instance" xmlns:xsd="http://www.w3.org/2001/XMLSchema">
  <settingsSet>true</settingsSet>
  <cure1enabled>false</cure1enabled>
  <cure1amount>100</cure1amount>
  <cure2enabled>false</cure2enabled>
  <cure2amount>200</cure2amount>
  <cure3enabled>true</cure3enabled>
  <cure3amount>500</cure3amount>
  <cure4enabled>true</cure4enabled>
  <cure4amount>800</cure4amount>
  <cure5enabled>true</cure5enabled>
  <cure5amount>1200</cure5amount>
  <cure6enabled>false</cure6enabled>
  <cure6amount>1600</cure6amount>
  <curagaEnabled>false</curagaEnabled>
  <curagaAmount>100</curagaAmount>
  <curaga2enabled>false</curaga2enabled>
  <curaga2Amount>300</curaga2Amount>
  <curaga3enabled>true</curaga3enabled>
  <curaga3Amount>650</curaga3Amount>
  <curaga4enabled>true</curaga4enabled>
  <curaga4Amount>1000</curaga4Amount>
  <curaga5enabled>true</curaga5enabled>
  <curaga5Amount>1200</curaga5Amount>
  <curePercentage>75</curePercentage>
  <priorityCurePercentage>95</priorityCurePercentage>
  <monitoredCurePercentage>85</monitoredCurePercentage>
  <curagaCurePercentage>75</curagaCurePercentage>
  <curagaTargetType>1</curagaTargetType>
  <curagaTargetName>Brennski</curagaTargetName>
  <curagaRequiredMembers>2</curagaRequiredMembers>
  <autoHasteMinutes>2</autoHasteMinutes>
  <autoPhalanxIIMinutes>2</autoPhalanxIIMinutes>
  <autoRefresh_Minutes>2</autoRefresh_Minutes>
  <autoRefresh_Spell>1</autoRefresh_Spell>
  <autoRegen_Minutes>1</autoRegen_Minutes>
  <autoRegen_Spell>3</autoRegen_Spell>
  <autoProtect_Minutes>29</autoProtect_Minutes>
  <autoProtect_Spell>4</autoProtect_Spell>
  <autoShellMinutes>29</autoShellMinutes>
  <autoShell_Spell>4</autoShell_Spell>
  <plShellra>true</plShellra>
  <plShellra_Level>5</plShellra_Level>
  <plProtectra>true</plProtectra>
  <plProtectra_Level>5</plProtectra_Level>
  <plGainBoost>true</plGainBoost>
  <plGainBoost_Spell>0</plGainBoost_Spell>
  <plBarElement>true</plBarElement>
  <plBarElement_Spell>0</plBarElement_Spell>
  <plBarStatus>true</plBarStatus>
  <plBarStatus_Spell>0</plBarStatus_Spell>
  <plAuspice>false</plAuspice>
  <plReraise>true</plReraise>
  <plReraise_Level>4</plReraise_Level>
  <plRefresh>false</plRefresh>
  <plRefresh_Level>1</plRefresh_Level>
  <plBlink>false</plBlink>
  <plPhalanx>false</plPhalanx>
  <plStoneskin>true</plStoneskin>
  <plTemper>false</plTemper>
  <plTemper_Level>0</plTemper_Level>
  <plEnspell>false</plEnspell>
  <plEnspell_Spell>0</plEnspell_Spell>
  <plStormSpell>false</plStormSpell>
  <plStormSpell_Spell>0</plStormSpell_Spell>
  <plKlimaform>false</plKlimaform>
  <plAquaveil>false</plAquaveil>
  <accessionCure>false</accessionCure>
  <accessionProShell>false</accessionProShell>
  <accessionPerpRegen>false</accessionPerpRegen>
  <EnableGeoSpells>false</EnableGeoSpells>
  <IndiWhenEngaged>false</IndiWhenEngaged>
  <EnableLuopanSpells>false</EnableLuopanSpells>
  <GeoWhenEngaged>false</GeoWhenEngaged>
  <specifiedEngageTarget>false</specifiedEngageTarget>
  <IndiSpell_Spell>25</IndiSpell_Spell>
  <GeoSpell_Spell>7</GeoSpell_Spell>
  <EntrustedSpell_Spell>20</EntrustedSpell_Spell>
  <LuopanSpell_Target />
  <EntrustedSpell_Target />
  <enableSinging>false</enableSinging>
  <recastSongs_Monitored>false</recastSongs_Monitored>
  <SongsOnlyWhenNear>false</SongsOnlyWhenNear>
  <song1>0</song1>
  <song2>0</song2>
  <song3>0</song3>
  <song4>0</song4>
  <dummy1>0</dummy1>
  <dummy2>0</dummy2>
  <recastSongTime>2</recastSongTime>
  <LightArts>true</LightArts>
  <Sublimation>false</Sublimation>
  <AddendumWhite>false</AddendumWhite>
  <AfflatusSolace>true</AfflatusSolace>
  <AfflatusMisery>false</AfflatusMisery>
  <DivineSeal>true</DivineSeal>
  <Devotion>true</Devotion>
  <Composure>false</Composure>
  <Convert>false</Convert>
  <Entrust>false</Entrust>
  <FullCircle>false</FullCircle>
  <Dematerialize>false</Dematerialize>
  <BlazeOfGlory>false</BlazeOfGlory>
  <RadialArcana>false</RadialArcana>
  <EclipticAttrition>false</EclipticAttrition>
  <Pianissimo>false</Pianissimo>
  <Nightingale>false</Nightingale>
  <Troubadour>false</Troubadour>
  <Marcato>false</Marcato>
  <plDebuffEnabled>false</plDebuffEnabled>
  <monitoredDebuffEnabled>true</monitoredDebuffEnabled>
  <enablePartyDebuffRemoval>true</enablePartyDebuffRemoval>
  <plSilenceItemEnabled>true</plSilenceItemEnabled>
  <plSilenceItem>1</plSilenceItem>
  <plDoomEnabled>false</plDoomEnabled>
  <plDoomitem>0</plDoomitem>
  <wakeSleepEnabled>true</wakeSleepEnabled>
  <wakeSleepSpell>2</wakeSleepSpell>
  <naBlindness>true</naBlindness>
  <naCurse>true</naCurse>
  <naDisease>true</naDisease>
  <naParalysis>true</naParalysis>
  <naPetrification>true</naPetrification>
  <naPlague>true</naPlague>
  <naPoison>true</naPoison>
  <naSilence>true</naSilence>
  <naErase>true</naErase>
  <plAgiDown>false</plAgiDown>
  <plAccuracyDown>false</plAccuracyDown>
  <plAddle>false</plAddle>
  <plAttackDown>false</plAttackDown>
  <plBane>false</plBane>
  <plBind>false</plBind>
  <plBio>false</plBio>
  <plBlindness>false</plBlindness>
  <plBurn>false</plBurn>
  <plChrDown>false</plChrDown>
  <plChoke>false</plChoke>
  <plCurse>false</plCurse>
  <plCurse2>false</plCurse2>
  <plDexDown>false</plDexDown>
  <plDefenseDown>false</plDefenseDown>
  <plDia>false</plDia>
  <plDisease>false</plDisease>
  <plDoom>false</plDoom>
  <plDrown>false</plDrown>
  <plElegy>false</plElegy>
  <plEvasionDown>false</plEvasionDown>
  <plFlash>false</plFlash>
  <plFrost>false</plFrost>
  <plHelix>false</plHelix>
  <plIntDown>false</plIntDown>
  <plMndDown>false</plMndDown>
  <plMagicAccDown>false</plMagicAccDown>
  <plMagicAtkDown>false</plMagicAtkDown>
  <plMaxHpDown>false</plMaxHpDown>
  <plMaxMpDown>false</plMaxMpDown>
  <plMaxTpDown>false</plMaxTpDown>
  <plParalysis>false</plParalysis>
  <plPlague>false</plPlague>
  <plPoison>false</plPoison>
  <plRasp>false</plRasp>
  <plRequiem>false</plRequiem>
  <plStrDown>false</plStrDown>
  <plShock>false</plShock>
  <plSilence>false</plSilence>
  <plSlow>false</plSlow>
  <plThrenody>false</plThrenody>
  <plVitDown>false</plVitDown>
  <plWeight>false</plWeight>
  <monitoredAgiDown>false</monitoredAgiDown>
  <monitoredAccuracyDown>true</monitoredAccuracyDown>
  <monitoredAddle>true</monitoredAddle>
  <monitoredAttackDown>true</monitoredAttackDown>
  <monitoredBane>true</monitoredBane>
  <monitoredBind>true</monitoredBind>
  <monitoredBio>true</monitoredBio>
  <monitoredBlindness>true</monitoredBlindness>
  <monitoredBurn>true</monitoredBurn>
  <monitoredChrDown>false</monitoredChrDown>
  <monitoredChoke>true</monitoredChoke>
  <monitoredCurse>true</monitoredCurse>
  <monitoredCurse2>true</monitoredCurse2>
  <monitoredDexDown>false</monitoredDexDown>
  <monitoredDefenseDown>true</monitoredDefenseDown>
  <monitoredDia>true</monitoredDia>
  <monitoredDisease>true</monitoredDisease>
  <monitoredDoom>true</monitoredDoom>
  <monitoredDrown>true</monitoredDrown>
  <monitoredElegy>true</monitoredElegy>
  <monitoredEvasionDown>true</monitoredEvasionDown>
  <monitoredFlash>true</monitoredFlash>
  <monitoredFrost>true</monitoredFrost>
  <monitoredHelix>true</monitoredHelix>
  <monitoredIntDown>false</monitoredIntDown>
  <monitoredMndDown>false</monitoredMndDown>
  <monitoredMagicAccDown>true</monitoredMagicAccDown>
  <monitoredMagicAtkDown>true</monitoredMagicAtkDown>
  <monitoredMaxHpDown>true</monitoredMaxHpDown>
  <monitoredMaxMpDown>true</monitoredMaxMpDown>
  <monitoredMaxTpDown>true</monitoredMaxTpDown>
  <monitoredParalysis>true</monitoredParalysis>
  <monitoredPetrification>true</monitoredPetrification>
  <monitoredPlague>true</monitoredPlague>
  <monitoredPoison>true</monitoredPoison>
  <monitoredRasp>true</monitoredRasp>
  <monitoredRequiem>true</monitoredRequiem>
  <monitoredStrDown>false</monitoredStrDown>
  <monitoredShock>true</monitoredShock>
  <monitoredSilence>true</monitoredSilence>
  <monitoredSleep>true</monitoredSleep>
  <monitoredSleep2>true</monitoredSleep2>
  <monitoredSlow>true</monitoredSlow>
  <monitoredThrenody>true</monitoredThrenody>
  <monitoredVitDown>false</monitoredVitDown>
  <monitoredWeight>true</monitoredWeight>
  <mpMinCastValue>100</mpMinCastValue>
  <lowMPcheckBox>false</lowMPcheckBox>
  <healLowMP>false</healLowMP>
  <healWhenMPBelow>5</healWhenMPBelow>
  <standAtMP>false</standAtMP>
  <standAtMP_Percentage>99</standAtMP_Percentage>
  <convertMP>300</convertMP>
  <sublimationMP>100</sublimationMP>
  <RadialArcanaMP>300</RadialArcanaMP>
  <RadialArcana_Spell>0</RadialArcana_Spell>
  <DevotionMP>200</DevotionMP>
  <DevotionTargetType>1</DevotionTargetType>
  <DevotionTargetName />
  <DevotionWhenEngaged>false</DevotionWhenEngaged>
  <autoTarget>false</autoTarget>
  <Hate_SpellType>1</Hate_SpellType>
  <autoTargetSpell>Dia</autoTargetSpell>
  <autoTarget_Target />
  <Overcure>true</Overcure>
  <Undercure>true</Undercure>
  <pauseOnZoneBox>true</pauseOnZoneBox>
  <pauseOnStartBox>true</pauseOnStartBox>
  <autoFollowName />
  <autoFollowDistance>5</autoFollowDistance>
  <autoFollow_Warning>false</autoFollow_Warning>
  <enableFastCast_Mode>false</enableFastCast_Mode>
  <ipAddress>127.0.0.1</ipAddress>
  <listeningPort>19769</listeningPort>
</MySettings>